"filename", "language", "CMake", "C++", "YAML", "JSON", "JavaScript", "Dart", "Markdown", "HTML", "Gradle", "Properties", "Swift", "XML", "comment", "blank", "total"
"/Users/lilaavinoth/Documents/Flutter Projects/job_portal_trial/.github/workflows/firebase-hosting-merge.yml", "YAML", 0, 0, 17, 0, 0, 0, 0, 0, 0, 0, 0, 0, 2, 2, 21
"/Users/lilaavinoth/Documents/Flutter Projects/job_portal_trial/.github/workflows/firebase-hosting-pull-request.yml", "YAML", 0, 0, 14, 0, 0, 0, 0, 0, 0, 0, 0, 0, 2, 2, 18
"/Users/lilaavinoth/Documents/Flutter Projects/job_portal_trial/README.md", "Markdown", 0, 0, 0, 0, 0, 0, 2, 0, 0, 0, 0, 0, 0, 2, 4
"/Users/lilaavinoth/Documents/Flutter Projects/job_portal_trial/analysis_options.yaml", "YAML", 0, 0, 1, 0, 0, 0, 0, 0, 0, 0, 0, 0, 0, 1, 2
"/Users/lilaavinoth/Documents/Flutter Projects/job_portal_trial/android/app/build.gradle", "Gradle", 0, 0, 0, 0, 0, 0, 0, 0, 55, 0, 0, 0, 5, 13, 73
"/Users/lilaavinoth/Documents/Flutter Projects/job_portal_trial/android/app/src/debug/AndroidManifest.xml", "XML", 0, 0, 0, 0, 0, 0, 0, 0, 0, 0, 0, 3, 4, 1, 8
"/Users/lilaavinoth/Documents/Flutter Projects/job_portal_trial/android/app/src/main/AndroidManifest.xml", "XML", 0, 0, 0, 0, 0, 0, 0, 0, 0, 0, 0, 27, 6, 1, 34
"/Users/lilaavinoth/Documents/Flutter Projects/job_portal_trial/android/app/src/main/res/drawable-v21/launch_background.xml", "XML", 0, 0, 0, 0, 0, 0, 0, 0, 0, 0, 0, 4, 7, 2, 13
"/Users/lilaavinoth/Documents/Flutter Projects/job_portal_trial/android/app/src/main/res/drawable/launch_background.xml", "XML", 0, 0, 0, 0, 0, 0, 0, 0, 0, 0, 0, 4, 7, 2, 13
"/Users/lilaavinoth/Documents/Flutter Projects/job_portal_trial/android/app/src/main/res/values-night/styles.xml", "XML", 0, 0, 0, 0, 0, 0, 0, 0, 0, 0, 0, 9, 9, 1, 19
"/Users/lilaavinoth/Documents/Flutter Projects/job_portal_trial/android/app/src/main/res/values/styles.xml", "XML", 0, 0, 0, 0, 0, 0, 0, 0, 0, 0, 0, 9, 9, 1, 19
"/Users/lilaavinoth/Documents/Flutter Projects/job_portal_trial/android/app/src/profile/AndroidManifest.xml", "XML", 0, 0, 0, 0, 0, 0, 0, 0, 0, 0, 0, 3, 4, 1, 8
"/Users/lilaavinoth/Documents/Flutter Projects/job_portal_trial/android/build.gradle", "Gradle", 0, 0, 0, 0, 0, 0, 0, 0, 27, 0, 0, 0, 0, 5, 32
"/Users/lilaavinoth/Documents/Flutter Projects/job_portal_trial/android/gradle.properties", "Properties", 0, 0, 0, 0, 0, 0, 0, 0, 0, 3, 0, 0, 0, 1, 4
"/Users/lilaavinoth/Documents/Flutter Projects/job_portal_trial/android/gradle/wrapper/gradle-wrapper.properties", "Properties", 0, 0, 0, 0, 0, 0, 0, 0, 0, 5, 0, 0, 0, 1, 6
"/Users/lilaavinoth/Documents/Flutter Projects/job_portal_trial/android/settings.gradle", "Gradle", 0, 0, 0, 0, 0, 0, 0, 0, 8, 0, 0, 0, 0, 4, 12
"/Users/lilaavinoth/Documents/Flutter Projects/job_portal_trial/firebase.json", "JSON", 0, 0, 0, 7, 0, 0, 0, 0, 0, 0, 0, 0, 16, 0, 23
"/Users/lilaavinoth/Documents/Flutter Projects/job_portal_trial/functions/index.js", "JavaScript", 0, 0, 0, 0, 113, 0, 0, 0, 0, 0, 0, 0, 39, 50, 202
"/Users/lilaavinoth/Documents/Flutter Projects/job_portal_trial/functions/package-lock.json", "JSON", 0, 0, 0, 2896, 0, 0, 0, 0, 0, 0, 0, 0, 0, 1, 2897
"/Users/lilaavinoth/Documents/Flutter Projects/job_portal_trial/functions/package.json", "JSON", 0, 0, 0, 26, 0, 0, 0, 0, 0, 0, 0, 0, 0, 1, 27
"/Users/lilaavinoth/Documents/Flutter Projects/job_portal_trial/ios/Runner/AppDelegate.swift", "Swift", 0, 0, 0, 0, 0, 0, 0, 0, 0, 0, 12, 0, 0, 2, 14
"/Users/lilaavinoth/Documents/Flutter Projects/job_portal_trial/ios/Runner/Assets.xcassets/AppIcon.appiconset/Contents.json", "JSON", 0, 0, 0, 122, 0, 0, 0, 0, 0, 0, 0, 0, 0, 1, 123
"/Users/lilaavinoth/Documents/Flutter Projects/job_portal_trial/ios/Runner/Assets.xcassets/LaunchImage.imageset/Contents.json", "JSON", 0, 0, 0, 23, 0, 0, 0, 0, 0, 0, 0, 0, 0, 1, 24
"/Users/lilaavinoth/Documents/Flutter Projects/job_portal_trial/ios/Runner/Assets.xcassets/LaunchImage.imageset/README.md", "Markdown", 0, 0, 0, 0, 0, 0, 3, 0, 0, 0, 0, 0, 0, 2, 5
"/Users/lilaavinoth/Documents/Flutter Projects/job_portal_trial/ios/Runner/Base.lproj/LaunchScreen.storyboard", "XML", 0, 0, 0, 0, 0, 0, 0, 0, 0, 0, 0, 36, 1, 1, 38
"/Users/lilaavinoth/Documents/Flutter Projects/job_portal_trial/ios/Runner/Base.lproj/Main.storyboard", "XML", 0, 0, 0, 0, 0, 0, 0, 0, 0, 0, 0, 25, 1, 1, 27
"/Users/lilaavinoth/Documents/Flutter Projects/job_portal_trial/ios/Runner/Runner-Bridging-Header.h", "C++", 0, 1, 0, 0, 0, 0, 0, 0, 0, 0, 0, 0, 0, 1, 2
"/Users/lilaavinoth/Documents/Flutter Projects/job_portal_trial/ios/RunnerTests/RunnerTests.swift", "Swift", 0, 0, 0, 0, 0, 0, 0, 0, 0, 0, 7, 0, 2, 4, 13
"/Users/lilaavinoth/Documents/Flutter Projects/job_portal_trial/lib/app_state.dart", "Dart", 0, 0, 0, 0, 0, 73, 0, 0, 0, 0, 0, 0, 6, 18, 97
"/Users/lilaavinoth/Documents/Flutter Projects/job_portal_trial/lib/auth/auth_manager.dart", "Dart", 0, 0, 0, 0, 0, 56, 0, 0, 0, 0, 0, 0, 0, 13, 69
"/Users/lilaavinoth/Documents/Flutter Projects/job_portal_trial/lib/auth/base_auth_user_provider.dart", "Dart", 0, 0, 0, 0, 0, 28, 0, 0, 0, 0, 0, 0, 0, 7, 35
"/Users/lilaavinoth/Documents/Flutter Projects/job_portal_trial/lib/auth/firebase_auth/anonymous_auth.dart", "Dart", 0, 0, 0, 0, 0, 3, 0, 0, 0, 0, 0, 0, 0, 2, 5
"/Users/lilaavinoth/Documents/Flutter Projects/job_portal_trial/lib/auth/firebase_auth/apple_auth.dart", "Dart", 0, 0, 0, 0, 0, 40, 0, 0, 0, 0, 0, 0, 12, 9, 61
"/Users/lilaavinoth/Documents/Flutter Projects/job_portal_trial/lib/auth/firebase_auth/auth_util.dart", "Dart", 0, 0, 0, 0, 0, 54, 0, 0, 0, 0, 0, 0, 2, 18, 74
"/Users/lilaavinoth/Documents/Flutter Projects/job_portal_trial/lib/auth/firebase_auth/email_auth.dart", "Dart", 0, 0, 0, 0, 0, 15, 0, 0, 0, 0, 0, 0, 0, 3, 18
"/Users/lilaavinoth/Documents/Flutter Projects/job_portal_trial/lib/auth/firebase_auth/firebase_auth_manager.dart", "Dart", 0, 0, 0, 0, 0, 257, 0, 0, 0, 0, 0, 0, 25, 24, 306
"/Users/lilaavinoth/Documents/Flutter Projects/job_portal_trial/lib/auth/firebase_auth/firebase_user_provider.dart", "Dart", 0, 0, 0, 0, 0, 50, 0, 0, 0, 0, 0, 0, 2, 10, 62
"/Users/lilaavinoth/Documents/Flutter Projects/job_portal_trial/lib/auth/firebase_auth/google_auth.dart", "Dart", 0, 0, 0, 0, 0, 18, 0, 0, 0, 0, 0, 0, 1, 5, 24
"/Users/lilaavinoth/Documents/Flutter Projects/job_portal_trial/lib/auth/firebase_auth/jwt_token_auth.dart", "Dart", 0, 0, 0, 0, 0, 3, 0, 0, 0, 0, 0, 0, 0, 2, 5
"/Users/lilaavinoth/Documents/Flutter Projects/job_portal_trial/lib/backend/backend.dart", "Dart", 0, 0, 0, 0, 0, 564, 0, 0, 0, 0, 0, 0, 9, 50, 623
"/Users/lilaavinoth/Documents/Flutter Projects/job_portal_trial/lib/backend/firebase/firebase_config.dart", "Dart", 0, 0, 0, 0, 0, 17, 0, 0, 0, 0, 0, 0, 1, 2, 20
"/Users/lilaavinoth/Documents/Flutter Projects/job_portal_trial/lib/backend/firebase_analytics/analytics.dart", "Dart", 0, 0, 0, 0, 0, 29, 0, 0, 0, 0, 0, 0, 3, 8, 40
"/Users/lilaavinoth/Documents/Flutter Projects/job_portal_trial/lib/backend/schema/company_details_record.dart", "Dart", 0, 0, 0, 0, 0, 83, 0, 0, 0, 0, 0, 0, 5, 22, 110
"/Users/lilaavinoth/Documents/Flutter Projects/job_portal_trial/lib/backend/schema/firestore.indexes.json", "JSON", 0, 0, 0, 3, 0, 0, 0, 0, 0, 0, 0, 0, 0, 0, 3
"/Users/lilaavinoth/Documents/Flutter Projects/job_portal_trial/lib/backend/schema/full_job_record.dart", "Dart", 0, 0, 0, 0, 0, 183, 0, 0, 0, 0, 0, 0, 23, 40, 246
"/Users/lilaavinoth/Documents/Flutter Projects/job_portal_trial/lib/backend/schema/index.dart", "Dart", 0, 0, 0, 0, 0, 3, 0, 0, 0, 0, 0, 0, 0, 1, 4
"/Users/lilaavinoth/Documents/Flutter Projects/job_portal_trial/lib/backend/schema/job_info_1_record.dart", "Dart", 0, 0, 0, 0, 0, 77, 0, 0, 0, 0, 0, 0, 4, 21, 102
"/Users/lilaavinoth/Documents/Flutter Projects/job_portal_trial/lib/backend/schema/job_info_2_record.dart", "Dart", 0, 0, 0, 0, 0, 59, 0, 0, 0, 0, 0, 0, 2, 19, 80
"/Users/lilaavinoth/Documents/Flutter Projects/job_portal_trial/lib/backend/schema/job_info_3_record.dart", "Dart", 0, 0, 0, 0, 0, 97, 0, 0, 0, 0, 0, 0, 8, 25, 130
"/Users/lilaavinoth/Documents/Flutter Projects/job_portal_trial/lib/backend/schema/job_info_4_record.dart", "Dart", 0, 0, 0, 0, 0, 59, 0, 0, 0, 0, 0, 0, 1, 18, 78
"/Users/lilaavinoth/Documents/Flutter Projects/job_portal_trial/lib/backend/schema/progress_record.dart", "Dart", 0, 0, 0, 0, 0, 65, 0, 0, 0, 0, 0, 0, 2, 19, 86
"/Users/lilaavinoth/Documents/Flutter Projects/job_portal_trial/lib/backend/schema/users_record.dart", "Dart", 0, 0, 0, 0, 0, 83, 0, 0, 0, 0, 0, 0, 6, 21, 110
"/Users/lilaavinoth/Documents/Flutter Projects/job_portal_trial/lib/backend/schema/util/firestore_util.dart", "Dart", 0, 0, 0, 0, 0, 121, 0, 0, 0, 0, 0, 0, 15, 17, 153
"/Users/lilaavinoth/Documents/Flutter Projects/job_portal_trial/lib/backend/schema/util/schema_util.dart", "Dart", 0, 0, 0, 0, 0, 55, 0, 0, 0, 0, 0, 0, 3, 11, 69
"/Users/lilaavinoth/Documents/Flutter Projects/job_portal_trial/lib/billing_details/billing_details_model.dart", "Dart", 0, 0, 0, 0, 0, 50, 0, 0, 0, 0, 0, 0, 8, 13, 71
"/Users/lilaavinoth/Documents/Flutter Projects/job_portal_trial/lib/billing_details/billing_details_widget.dart", "Dart", 0, 0, 0, 0, 0, 885, 0, 0, 0, 0, 0, 0, 1, 36, 922
"/Users/lilaavinoth/Documents/Flutter Projects/job_portal_trial/lib/firebaseModels/addCompensation.dart", "Dart", 0, 0, 0, 0, 0, 99, 0, 0, 0, 0, 0, 0, 1, 14, 114
"/Users/lilaavinoth/Documents/Flutter Projects/job_portal_trial/lib/firebaseModels/applicationPref.dart", "Dart", 0, 0, 0, 0, 0, 91, 0, 0, 0, 0, 0, 0, 1, 14, 106
"/Users/lilaavinoth/Documents/Flutter Projects/job_portal_trial/lib/firebaseModels/basicInfoModel.dart", "Dart", 0, 0, 0, 0, 0, 77, 0, 0, 0, 0, 0, 0, 1, 13, 91
"/Users/lilaavinoth/Documents/Flutter Projects/job_portal_trial/lib/firebaseModels/companyDetails.dart", "Dart", 0, 0, 0, 0, 0, 72, 0, 0, 0, 0, 0, 0, 1, 13, 86
"/Users/lilaavinoth/Documents/Flutter Projects/job_portal_trial/lib/firebaseModels/email.dart", "Dart", 0, 0, 0, 0, 0, 93, 0, 0, 0, 0, 0, 0, 1, 23, 117
"/Users/lilaavinoth/Documents/Flutter Projects/job_portal_trial/lib/firebaseModels/includeDetails.dart", "Dart", 0, 0, 0, 0, 0, 57, 0, 0, 0, 0, 0, 0, 1, 14, 72
"/Users/lilaavinoth/Documents/Flutter Projects/job_portal_trial/lib/firebaseModels/jobDesc.dart", "Dart", 0, 0, 0, 0, 0, 43, 0, 0, 0, 0, 0, 0, 1, 13, 57
"/Users/lilaavinoth/Documents/Flutter Projects/job_portal_trial/lib/firebaseModels/pending.dart", "Dart", 0, 0, 0, 0, 0, 43, 0, 0, 0, 0, 0, 0, 1, 14, 58
"/Users/lilaavinoth/Documents/Flutter Projects/job_portal_trial/lib/firebaseModels/progress.dart", "Dart", 0, 0, 0, 0, 0, 36, 0, 0, 0, 0, 0, 0, 1, 11, 48
"/Users/lilaavinoth/Documents/Flutter Projects/job_portal_trial/lib/firebaseModels/readFullJob.dart", "Dart", 0, 0, 0, 0, 0, 304, 0, 0, 0, 0, 0, 0, 1, 16, 321
"/Users/lilaavinoth/Documents/Flutter Projects/job_portal_trial/lib/firebaseModels/readPartJob.dart", "Dart", 0, 0, 0, 0, 0, 225, 0, 0, 0, 0, 0, 0, 1, 13, 239
"/Users/lilaavinoth/Documents/Flutter Projects/job_portal_trial/lib/firebaseModels/resumeModel.dart", "Dart", 0, 0, 0, 0, 0, 37, 0, 0, 0, 0, 0, 0, 1, 13, 51
"/Users/lilaavinoth/Documents/Flutter Projects/job_portal_trial/lib/firebaseModels/resumeSelectionList.dart", "Dart", 0, 0, 0, 0, 0, 37, 0, 0, 0, 0, 0, 0, 1, 12, 50
"/Users/lilaavinoth/Documents/Flutter Projects/job_portal_trial/lib/firebaseModels/sponsorDetails.dart", "Dart", 0, 0, 0, 0, 0, 50, 0, 0, 0, 0, 0, 0, 1, 11, 62
"/Users/lilaavinoth/Documents/Flutter Projects/job_portal_trial/lib/firebaseModels/subscriptionModel.dart", "Dart", 0, 0, 0, 0, 0, 88, 0, 0, 0, 0, 0, 0, 1, 12, 101
"/Users/lilaavinoth/Documents/Flutter Projects/job_portal_trial/lib/flutter_flow/custom_functions.dart", "Dart", 0, 0, 0, 0, 0, 104, 0, 0, 0, 0, 0, 0, 0, 7, 111
"/Users/lilaavinoth/Documents/Flutter Projects/job_portal_trial/lib/flutter_flow/custom_icons.dart", "Dart", 0, 0, 0, 0, 0, 7, 0, 0, 0, 0, 0, 0, 1, 4, 12
"/Users/lilaavinoth/Documents/Flutter Projects/job_portal_trial/lib/flutter_flow/flutter_flow_animations.dart", "Dart", 0, 0, 0, 0, 0, 85, 0, 0, 0, 0, 0, 0, 0, 9, 94
"/Users/lilaavinoth/Documents/Flutter Projects/job_portal_trial/lib/flutter_flow/flutter_flow_autocomplete_options_list.dart", "Dart", 0, 0, 0, 0, 0, 81, 0, 0, 0, 0, 0, 0, 0, 4, 85
"/Users/lilaavinoth/Documents/Flutter Projects/job_portal_trial/lib/flutter_flow/flutter_flow_choice_chips.dart", "Dart", 0, 0, 0, 0, 0, 154, 0, 0, 0, 0, 0, 0, 0, 11, 165
"/Users/lilaavinoth/Documents/Flutter Projects/job_portal_trial/lib/flutter_flow/flutter_flow_count_controller.dart", "Dart", 0, 0, 0, 0, 0, 64, 0, 0, 0, 0, 0, 0, 0, 9, 73
"/Users/lilaavinoth/Documents/Flutter Projects/job_portal_trial/lib/flutter_flow/flutter_flow_drop_down.dart", "Dart", 0, 0, 0, 0, 0, 213, 0, 0, 0, 0, 0, 0, 1, 13, 227
"/Users/lilaavinoth/Documents/Flutter Projects/job_portal_trial/lib/flutter_flow/flutter_flow_icon_button.dart", "Dart", 0, 0, 0, 0, 0, 151, 0, 0, 0, 0, 0, 0, 0, 11, 162
"/Users/lilaavinoth/Documents/Flutter Projects/job_portal_trial/lib/flutter_flow/flutter_flow_model.dart", "Dart", 0, 0, 0, 0, 0, 121, 0, 0, 0, 0, 0, 0, 22, 17, 160
"/Users/lilaavinoth/Documents/Flutter Projects/job_portal_trial/lib/flutter_flow/flutter_flow_pdf_viewer.dart", "Dart", 0, 0, 0, 0, 0, 66, 0, 0, 0, 0, 0, 0, 0, 9, 75
"/Users/lilaavinoth/Documents/Flutter Projects/job_portal_trial/lib/flutter_flow/flutter_flow_radio_button.dart", "Dart", 0, 0, 0, 0, 0, 219, 0, 0, 0, 0, 0, 0, 26, 20, 265
"/Users/lilaavinoth/Documents/Flutter Projects/job_portal_trial/lib/flutter_flow/flutter_flow_theme.dart", "Dart", 0, 0, 0, 0, 0, 329, 0, 0, 0, 0, 0, 0, 1, 21, 351
"/Users/lilaavinoth/Documents/Flutter Projects/job_portal_trial/lib/flutter_flow/flutter_flow_util.dart", "Dart", 0, 0, 0, 0, 0, 259, 0, 0, 0, 0, 0, 0, 0, 36, 295
"/Users/lilaavinoth/Documents/Flutter Projects/job_portal_trial/lib/flutter_flow/flutter_flow_widgets.dart", "Dart", 0, 0, 0, 0, 0, 226, 0, 0, 0, 0, 0, 0, 3, 14, 243
"/Users/lilaavinoth/Documents/Flutter Projects/job_portal_trial/lib/flutter_flow/form_field_controller.dart", "Dart", 0, 0, 0, 0, 0, 6, 0, 0, 0, 0, 0, 0, 0, 4, 10
"/Users/lilaavinoth/Documents/Flutter Projects/job_portal_trial/lib/flutter_flow/internationalization.dart", "Dart", 0, 0, 0, 0, 0, 91, 0, 0, 0, 0, 0, 0, 0, 17, 108
"/Users/lilaavinoth/Documents/Flutter Projects/job_portal_trial/lib/flutter_flow/lat_lng.dart", "Dart", 0, 0, 0, 0, 0, 15, 0, 0, 0, 0, 0, 0, 0, 5, 20
"/Users/lilaavinoth/Documents/Flutter Projects/job_portal_trial/lib/flutter_flow/nav/nav.dart", "Dart", 0, 0, 0, 0, 0, 349, 0, 0, 0, 0, 0, 0, 22, 35, 406
"/Users/lilaavinoth/Documents/Flutter Projects/job_portal_trial/lib/flutter_flow/nav/serialization_util.dart", "Dart", 0, 0, 0, 0, 0, 244, 0, 0, 0, 0, 0, 0, 5, 23, 272
"/Users/lilaavinoth/Documents/Flutter Projects/job_portal_trial/lib/flutter_flow/place.dart", "Dart", 0, 0, 0, 0, 0, 41, 0, 0, 0, 0, 0, 0, 0, 6, 47
"/Users/lilaavinoth/Documents/Flutter Projects/job_portal_trial/lib/flutter_flow/uploaded_file.dart", "Dart", 0, 0, 0, 0, 0, 55, 0, 0, 0, 0, 0, 0, 0, 8, 63
"/Users/lilaavinoth/Documents/Flutter Projects/job_portal_trial/lib/forgot_password/forgot_password_model.dart", "Dart", 0, 0, 0, 0, 0, 17, 0, 0, 0, 0, 0, 0, 5, 8, 30
"/Users/lilaavinoth/Documents/Flutter Projects/job_portal_trial/lib/forgot_password/forgot_password_widget.dart", "Dart", 0, 0, 0, 0, 0, 233, 0, 0, 0, 0, 0, 0, 0, 11, 244
"/Users/lilaavinoth/Documents/Flutter Projects/job_portal_trial/lib/global.dart", "Dart", 0, 0, 0, 0, 0, 17, 0, 0, 0, 0, 0, 0, 0, 9, 26
"/Users/lilaavinoth/Documents/Flutter Projects/job_portal_trial/lib/home_page/home_page_model.dart", "Dart", 0, 0, 0, 0, 0, 46, 0, 0, 0, 0, 0, 0, 7, 12, 65
"/Users/lilaavinoth/Documents/Flutter Projects/job_portal_trial/lib/home_page/home_page_provider.dart", "Dart", 0, 0, 0, 0, 0, 9, 0, 0, 0, 0, 0, 0, 0, 1, 10
"/Users/lilaavinoth/Documents/Flutter Projects/job_portal_trial/lib/home_page/home_page_widget.dart", "Dart", 0, 0, 0, 0, 0, 1291, 0, 0, 0, 0, 0, 0, 66, 103, 1460
"/Users/lilaavinoth/Documents/Flutter Projects/job_portal_trial/lib/index.dart", "Dart", 0, 0, 0, 0, 0, 17, 0, 0, 0, 0, 0, 0, 2, 1, 20
"/Users/lilaavinoth/Documents/Flutter Projects/job_portal_trial/lib/login_page/login_page_model.dart", "Dart", 0, 0, 0, 0, 0, 43, 0, 0, 0, 0, 0, 0, 6, 11, 60
"/Users/lilaavinoth/Documents/Flutter Projects/job_portal_trial/lib/login_page/login_page_widget.dart", "Dart", 0, 0, 0, 0, 0, 497, 0, 0, 0, 0, 0, 0, 0, 16, 513
"/Users/lilaavinoth/Documents/Flutter Projects/job_portal_trial/lib/main.dart", "Dart", 0, 0, 0, 0, 0, 92, 0, 0, 0, 0, 0, 0, 2, 21, 115
"/Users/lilaavinoth/Documents/Flutter Projects/job_portal_trial/lib/new_job1/new_job1_model.dart", "Dart", 0, 0, 0, 0, 0, 52, 0, 0, 0, 0, 0, 0, 8, 13, 73
"/Users/lilaavinoth/Documents/Flutter Projects/job_portal_trial/lib/new_job1/new_job1_widget.dart", "Dart", 0, 0, 0, 0, 0, 507, 0, 0, 0, 0, 0, 0, 14, 21, 542
"/Users/lilaavinoth/Documents/Flutter Projects/job_portal_trial/lib/new_job2/new_job2_model.dart", "Dart", 0, 0, 0, 0, 0, 45, 0, 0, 0, 0, 0, 0, 9, 10, 64
"/Users/lilaavinoth/Documents/Flutter Projects/job_portal_trial/lib/new_job2/new_job2_widget.dart", "Dart", 0, 0, 0, 0, 0, 803, 0, 0, 0, 0, 0, 0, 9, 19, 831
"/Users/lilaavinoth/Documents/Flutter Projects/job_portal_trial/lib/new_job3/new_job3_model.dart", "Dart", 0, 0, 0, 0, 0, 25, 0, 0, 0, 0, 0, 0, 7, 8, 40
"/Users/lilaavinoth/Documents/Flutter Projects/job_portal_trial/lib/new_job3/new_job3_widget.dart", "Dart", 0, 0, 0, 0, 0, 468, 0, 0, 0, 0, 0, 0, 11, 20, 499
"/Users/lilaavinoth/Documents/Flutter Projects/job_portal_trial/lib/new_job4/new_job4_model.dart", "Dart", 0, 0, 0, 0, 0, 66, 0, 0, 0, 0, 0, 0, 13, 14, 93
"/Users/lilaavinoth/Documents/Flutter Projects/job_portal_trial/lib/new_job4/new_job4_widget.dart", "Dart", 0, 0, 0, 0, 0, 1289, 0, 0, 0, 0, 0, 0, 22, 21, 1332
"/Users/lilaavinoth/Documents/Flutter Projects/job_portal_trial/lib/new_job5/new_job5_model.dart", "Dart", 0, 0, 0, 0, 0, 19, 0, 0, 0, 0, 0, 0, 5, 8, 32
"/Users/lilaavinoth/Documents/Flutter Projects/job_portal_trial/lib/new_job5/new_job5_widget.dart", "Dart", 0, 0, 0, 0, 0, 331, 0, 0, 0, 0, 0, 0, 8, 20, 359
"/Users/lilaavinoth/Documents/Flutter Projects/job_portal_trial/lib/new_job6/new_job6_model.dart", "Dart", 0, 0, 0, 0, 0, 40, 0, 0, 0, 0, 0, 0, 12, 9, 61
"/Users/lilaavinoth/Documents/Flutter Projects/job_portal_trial/lib/new_job6/new_job6_widget.dart", "Dart", 0, 0, 0, 0, 0, 1145, 0, 0, 0, 0, 0, 0, 20, 22, 1187
"/Users/lilaavinoth/Documents/Flutter Projects/job_portal_trial/lib/new_job7/new_job7_model.dart", "Dart", 0, 0, 0, 0, 0, 13, 0, 0, 0, 0, 0, 0, 4, 8, 25
"/Users/lilaavinoth/Documents/Flutter Projects/job_portal_trial/lib/new_job7/new_job7_widget.dart", "Dart", 0, 0, 0, 0, 0, 1436, 0, 0, 0, 0, 0, 0, 2, 24, 1462
"/Users/lilaavinoth/Documents/Flutter Projects/job_portal_trial/lib/pending_job/pending_job_model.dart", "Dart", 0, 0, 0, 0, 0, 13, 0, 0, 0, 0, 0, 0, 4, 8, 25
"/Users/lilaavinoth/Documents/Flutter Projects/job_portal_trial/lib/pending_job/pending_job_widget.dart", "Dart", 0, 0, 0, 0, 0, 280, 0, 0, 0, 0, 0, 0, 14, 16, 310
"/Users/lilaavinoth/Documents/Flutter Projects/job_portal_trial/lib/post_job/post_job_model.dart", "Dart", 0, 0, 0, 0, 0, 13, 0, 0, 0, 0, 0, 0, 4, 8, 25
"/Users/lilaavinoth/Documents/Flutter Projects/job_portal_trial/lib/post_job/post_job_widget.dart", "Dart", 0, 0, 0, 0, 0, 92, 0, 0, 0, 0, 0, 0, 1, 17, 110
"/Users/lilaavinoth/Documents/Flutter Projects/job_portal_trial/lib/sign_up_page/sign_up_page_model.dart", "Dart", 0, 0, 0, 0, 0, 32, 0, 0, 0, 0, 0, 0, 8, 8, 48
"/Users/lilaavinoth/Documents/Flutter Projects/job_portal_trial/lib/sign_up_page/sign_up_page_widget.dart", "Dart", 0, 0, 0, 0, 0, 425, 0, 0, 0, 0, 0, 0, 0, 14, 439
"/Users/lilaavinoth/Documents/Flutter Projects/job_portal_trial/lib/sponsor_job/sponsor_job_model.dart", "Dart", 0, 0, 0, 0, 0, 26, 0, 0, 0, 0, 0, 0, 7, 9, 42
"/Users/lilaavinoth/Documents/Flutter Projects/job_portal_trial/lib/sponsor_job/sponsor_job_widget.dart", "Dart", 0, 0, 0, 0, 0, 482, 0, 0, 0, 0, 0, 0, 0, 21, 503
"/Users/lilaavinoth/Documents/Flutter Projects/job_portal_trial/lib/upload_resume/upload_resume_model.dart", "Dart", 0, 0, 0, 0, 0, 17, 0, 0, 0, 0, 0, 0, 4, 8, 29
"/Users/lilaavinoth/Documents/Flutter Projects/job_portal_trial/lib/upload_resume/upload_resume_widget.dart", "Dart", 0, 0, 0, 0, 0, 262, 0, 0, 0, 0, 0, 0, 8, 32, 302
"/Users/lilaavinoth/Documents/Flutter Projects/job_portal_trial/lib/widgets/h_t_m_l_editor_widget.dart", "Dart", 0, 0, 0, 0, 0, 66, 0, 0, 0, 0, 0, 0, 12, 7, 85
"/Users/lilaavinoth/Documents/Flutter Projects/job_portal_trial/lib/widgets/index.dart", "Dart", 0, 0, 0, 0, 0, 1, 0, 0, 0, 0, 0, 0, 0, 1, 2
"/Users/lilaavinoth/Documents/Flutter Projects/job_portal_trial/linux/flutter/generated_plugin_registrant.cc", "C++", 0, 7, 0, 0, 0, 0, 0, 0, 0, 0, 0, 0, 4, 5, 16
"/Users/lilaavinoth/Documents/Flutter Projects/job_portal_trial/linux/flutter/generated_plugin_registrant.h", "C++", 0, 5, 0, 0, 0, 0, 0, 0, 0, 0, 0, 0, 5, 6, 16
"/Users/lilaavinoth/Documents/Flutter Projects/job_portal_trial/linux/flutter/generated_plugins.cmake", "CMake", 19, 0, 0, 0, 0, 0, 0, 0, 0, 0, 0, 0, 0, 6, 25
"/Users/lilaavinoth/Documents/Flutter Projects/job_portal_trial/linux/main.cc", "C++", 0, 5, 0, 0, 0, 0, 0, 0, 0, 0, 0, 0, 0, 2, 7
"/Users/lilaavinoth/Documents/Flutter Projects/job_portal_trial/linux/my_application.cc", "C++", 0, 74, 0, 0, 0, 0, 0, 0, 0, 0, 0, 0, 11, 20, 105
"/Users/lilaavinoth/Documents/Flutter Projects/job_portal_trial/linux/my_application.h", "C++", 0, 7, 0, 0, 0, 0, 0, 0, 0, 0, 0, 0, 7, 5, 19
"/Users/lilaavinoth/Documents/Flutter Projects/job_portal_trial/macos/Flutter/GeneratedPluginRegistrant.swift", "Swift", 0, 0, 0, 0, 0, 0, 0, 0, 0, 0, 30, 0, 3, 4, 37
"/Users/lilaavinoth/Documents/Flutter Projects/job_portal_trial/macos/Runner/AppDelegate.swift", "Swift", 0, 0, 0, 0, 0, 0, 0, 0, 0, 0, 8, 0, 0, 2, 10
"/Users/lilaavinoth/Documents/Flutter Projects/job_portal_trial/macos/Runner/Assets.xcassets/AppIcon.appiconset/Contents.json", "JSON", 0, 0, 0, 68, 0, 0, 0, 0, 0, 0, 0, 0, 0, 1, 69
"/Users/lilaavinoth/Documents/Flutter Projects/job_portal_trial/macos/Runner/Base.lproj/MainMenu.xib", "XML", 0, 0, 0, 0, 0, 0, 0, 0, 0, 0, 0, 343, 0, 1, 344
"/Users/lilaavinoth/Documents/Flutter Projects/job_portal_trial/macos/Runner/MainFlutterWindow.swift", "Swift", 0, 0, 0, 0, 0, 0, 0, 0, 0, 0, 12, 0, 0, 4, 16
"/Users/lilaavinoth/Documents/Flutter Projects/job_portal_trial/macos/RunnerTests/RunnerTests.swift", "Swift", 0, 0, 0, 0, 0, 0, 0, 0, 0, 0, 7, 0, 2, 4, 13
"/Users/lilaavinoth/Documents/Flutter Projects/job_portal_trial/package-lock.json", "JSON", 0, 0, 0, 3031, 0, 0, 0, 0, 0, 0, 0, 0, 0, 1, 3032
"/Users/lilaavinoth/Documents/Flutter Projects/job_portal_trial/package.json", "JSON", 0, 0, 0, 7, 0, 0, 0, 0, 0, 0, 0, 0, 0, 1, 8
"/Users/lilaavinoth/Documents/Flutter Projects/job_portal_trial/public/404.html", "HTML", 0, 0, 0, 0, 0, 0, 0, 32, 0, 0, 0, 0, 0, 2, 34
"/Users/lilaavinoth/Documents/Flutter Projects/job_portal_trial/public/index.html", "HTML", 0, 0, 0, 0, 0, 0, 0, 79, 0, 0, 0, 0, 6, 5, 90
"/Users/lilaavinoth/Documents/Flutter Projects/job_portal_trial/pubspec.yaml", "YAML", 0, 0, 81, 0, 0, 0, 0, 0, 0, 0, 0, 0, 2, 10, 93
"/Users/lilaavinoth/Documents/Flutter Projects/job_portal_trial/web/index.html", "HTML", 0, 0, 0, 0, 0, 0, 0, 46, 0, 0, 0, 0, 16, 6, 68
"/Users/lilaavinoth/Documents/Flutter Projects/job_portal_trial/web/manifest.json", "JSON", 0, 0, 0, 35, 0, 0, 0, 0, 0, 0, 0, 0, 0, 1, 36
"/Users/lilaavinoth/Documents/Flutter Projects/job_portal_trial/windows/flutter/generated_plugin_registrant.cc", "C++", 0, 12, 0, 0, 0, 0, 0, 0, 0, 0, 0, 0, 4, 5, 21
"/Users/lilaavinoth/Documents/Flutter Projects/job_portal_trial/windows/flutter/generated_plugin_registrant.h", "C++", 0, 5, 0, 0, 0, 0, 0, 0, 0, 0, 0, 0, 5, 6, 16
"/Users/lilaavinoth/Documents/Flutter Projects/job_portal_trial/windows/flutter/generated_plugins.cmake", "CMake", 21, 0, 0, 0, 0, 0, 0, 0, 0, 0, 0, 0, 0, 6, 27
"/Users/lilaavinoth/Documents/Flutter Projects/job_portal_trial/windows/runner/flutter_window.cpp", "C++", 0, 48, 0, 0, 0, 0, 0, 0, 0, 0, 0, 0, 4, 15, 67
"/Users/lilaavinoth/Documents/Flutter Projects/job_portal_trial/windows/runner/flutter_window.h", "C++", 0, 20, 0, 0, 0, 0, 0, 0, 0, 0, 0, 0, 5, 9, 34
"/Users/lilaavinoth/Documents/Flutter Projects/job_portal_trial/windows/runner/main.cpp", "C++", 0, 30, 0, 0, 0, 0, 0, 0, 0, 0, 0, 0, 4, 10, 44
"/Users/lilaavinoth/Documents/Flutter Projects/job_portal_trial/windows/runner/resource.h", "C++", 0, 9, 0, 0, 0, 0, 0, 0, 0, 0, 0, 0, 6, 2, 17
"/Users/lilaavinoth/Documents/Flutter Projects/job_portal_trial/windows/runner/utils.cpp", "C++", 0, 54, 0, 0, 0, 0, 0, 0, 0, 0, 0, 0, 2, 10, 66
"/Users/lilaavinoth/Documents/Flutter Projects/job_portal_trial/windows/runner/utils.h", "C++", 0, 8, 0, 0, 0, 0, 0, 0, 0, 0, 0, 0, 6, 6, 20
"/Users/lilaavinoth/Documents/Flutter Projects/job_portal_trial/windows/runner/win32_window.cpp", "C++", 0, 210, 0, 0, 0, 0, 0, 0, 0, 0, 0, 0, 24, 55, 289
"/Users/lilaavinoth/Documents/Flutter Projects/job_portal_trial/windows/runner/win32_window.h", "C++", 0, 48, 0, 0, 0, 0, 0, 0, 0, 0, 0, 0, 31, 24, 103
"Total", "-", 40, 543, 113, 6218, 113, 17469, 5, 157, 90, 8, 76, 463, 790, 1821, 27906